u,i
0,822
0,815
2,2195
3,1110
8,2385
8,2065
8,2521
8,1590
10,110
22,2729
22,1774
22,2249
23,2182
23,2568
25,748
25,1753
25,2365
25,1757
25,1028
25,1013
26,1582
34,1119
40,2088
40,2975
42,2728
43,721
44,532
46,1119
46,943
46,2521
52,2240
52,1528
54,1421
56,898
56,861
56,905
56,878
56,986
62,1250
64,777
70,1147
70,571
70,101
72,572
72,2313
78,3017
91,1889
92,20
93,2002
93,519
94,2454
94,1503
94,771
94,2087
103,743
103,450
103,751
104,2923
104,2696
107,493
110,2865
112,3020
112,2847
115,334
118,1889
119,1590
119,681
119,2412
119,944
119,968
128,937
131,1244
136,2596
142,2522
144,122
144,1270
144,1128
145,1403
157,390
157,1039
157,875
157,902
157,2350
157,266
157,1582
157,1520
167,139
169,1753
169,2191
172,2721
172,1887
172,872
172,1786
172,2839
175,2518
175,2694
175,2564
175,2293
175,2690
177,434
178,441
180,321
186,2563
188,138
188,892
188,2515
188,413
188,1364
188,1119
188,2507
194,572
200,1250
200,2269
200,645
200,820
204,960
204,952
204,100
205,1250
208,1276
210,160
210,1390
210,1403
215,2802
218,2195
218,1933
218,490
221,2243
221,895
222,2385
222,2490
223,2698
223,3123
226,3061
227,2240
230,1017
231,2002
231,956
231,2521
231,971
231,679
231,225
232,138
234,1582
234,1908
234,1728
234,1217
237,565
238,413
238,1624
238,49
238,37
244,881
244,943
255,42
255,485
256,469
256,1364
256,1421
256,2515
257,1614
257,1675
257,1255
258,49
258,438
258,935
258,1908
258,921
258,413
258,1217
260,1026
266,572
269,2297
272,1292
275,1528
292,944
294,2146
296,1869
296,2880
296,2521
296,313
297,2163
297,413
297,193
297,1837
297,482
297,95
300,1547
302,2454
302,3017
302,771
302,2500
302,2191
303,943
304,469
304,31
304,521
304,2326
304,1331
304,15
304,48
311,1595
312,2694
312,2564
312,759
312,1525
312,1771
314,2747
321,2614
321,1659
321,2778
321,1730
321,2249
321,1639
321,1512
321,1640
323,681
331,1455
333,2639
333,1329
333,1250
333,1918
337,1103
338,2639
344,1007
344,1563
344,1003
344,100
345,516
345,334
361,1016
362,450
362,229
363,546
365,2557
365,2880
366,413
366,1429
366,565
366,602
366,20
367,160
367,130
368,1250
368,1128
369,947
381,110
383,2666
391,1217
391,1872
391,1157
392,1563
392,943
397,413
398,122
401,648
401,138
401,2703
401,1527
404,2797
404,1298
404,546
404,1071
404,1324
408,1015
408,2204
408,1037
408,2199
408,2641
408,1522
413,1250
413,2627
419,1110
420,1821
420,1041
420,2494
420,1118
420,2775
426,31
426,3020
426,1675
430,2445
431,1568
433,637
436,1244
436,2029
436,1221
436,1100
436,1574
437,943
443,2145
445,1016
445,759
446,2192
446,1503
446,2696
448,2240
448,943
448,225
448,2563
448,2256
450,972
451,940
451,225
451,726
451,2521
452,892
452,193
452,2385
457,1976
457,324
457,2110
458,1013
458,2495
467,2977
470,1914
470,2195
470,1103
472,2473
474,856
481,2419
481,2471
481,2079
490,942
491,2915
493,714
509,2217
515,1582
519,1903
524,1581
524,954
525,31
530,2155
530,1908
530,2218
530,2853
534,3015
534,1147
536,321
536,572
542,229
546,1039
546,2482
546,1582
546,875
546,2478
546,2204
550,2915
551,2472
553,1521
553,2360
563,813
567,31
570,413
571,92
571,1903
571,1364
571,1479
572,1887
572,1976
574,144
578,31
578,2080
578,2421
581,450
581,921
581,875
592,1515
595,2939
595,1595
600,469
600,127
602,31
603,2694
604,1590
606,1039
606,2694
606,2564
606,1521
606,2690
607,540
608,954
608,966
608,2709
608,944
608,2415
609,714
612,1159
613,413
617,1007
617,1016
618,1311
623,450
624,1003
624,965
624,759
624,1119
625,1455
636,2490
639,1006
641,2802
647,1250
648,390
649,2665
650,2522
650,2155
650,2062
652,895
652,1673
658,170
658,642
662,413
662,482
664,989
664,139
665,828
669,393
669,57
669,1850
669,1767
675,2118
675,954
675,940
676,1250
677,2467
678,2915
683,943
683,1919
683,1003
685,31
685,413
685,520
687,2385
689,2961
689,2690
689,3083
690,2564
690,1039
690,1521
690,2690
690,1771
690,2350
690,2360
690,902
690,2666
694,1179
695,2473
695,1016
695,2374
695,979
695,1048
695,2778
703,413
703,31
704,2786
705,951
709,42
715,1015
719,1276
721,2507
721,2622
721,449
721,1015
721,1328
721,1409
721,2518
722,1451
722,336
728,1574
728,1730
730,643
734,642
735,1574
735,1119
736,2079
737,2975
738,1280
738,57
738,2507
738,2616
742,2192
744,508
745,572
746,3026
747,2747
749,1563
757,2975
757,2110
757,1563
761,771
771,2467
773,40
778,1614
778,802
779,2880
780,1614
781,898
783,517
784,3123
786,727
788,752
788,1072
788,2495
803,954
803,714
803,1509
803,1525
803,1581
806,942
806,225
810,892
810,546
812,2408
812,1595
813,321
815,139
815,957
815,211
816,2796
816,771
816,1757
816,742
816,722
820,1028
829,2157
829,2515
829,31
829,20
829,2511
829,1479
829,856
829,987
829,1010
829,2419
829,989
835,2641
835,48
835,1421
837,2240
837,980
837,1713
837,2079
838,1217
838,2419
838,508
838,935
838,1728
842,413
842,2249
842,385
842,2515
842,37
842,2240
842,1837
845,1713
847,2365
847,2366
851,2889
851,1887
851,1786
856,3019
866,681
866,2637
866,400
866,1479
867,1179
872,2148
878,321
879,752
879,2365
879,1757
879,742
879,916
879,852
879,739
883,2558
883,2659
885,2155
886,2061
886,2643
887,307
889,1948
889,589
892,1629
895,31
895,1050
897,2789
911,1355
911,519
911,2507
911,2641
912,519
912,940
913,1159
919,3004
919,968
919,944
919,1251
919,1563
919,1965
920,2382
924,120
930,2167
932,1328
936,2473
936,1016
938,2058
942,43
942,1458
942,2515
942,1131
947,1355
949,2909
951,943
951,2157
951,2568
951,1244
951,870
951,32
951,519
951,467
956,2419
959,1255
959,1055
960,714
961,54
969,924
972,1031
972,2709
972,1027
973,1926
973,942
973,225
973,960
975,1276
976,895
976,2196
978,101
979,743
984,1563
984,968
987,1914
987,122
990,1311
990,399
991,940
991,954
998,892
998,15
1000,869
1005,1656
1006,1128
1006,1563
1008,434
1008,681
1009,1007
1012,450
1012,930
1018,2585
1018,2644
1019,2835
1019,2924
1019,2585
1022,747
1023,2507
1023,2641
1028,1771
1028,1776
1029,2192
1030,1614
1032,2694
1032,2690
1036,2149
1036,1871
1036,1482
1038,1429
1039,1237
1043,2155
1046,2157
1046,225
1046,2975
1046,99
1046,878
1047,43
1047,110
1047,1458
1050,777
1050,2789
1061,743
1061,737
1061,27
1061,1296
1061,1332
1063,2191
1064,1850
1064,515
1064,833
1064,1997
1065,100
1065,989
1074,943
1075,856
1076,965
1076,522
1077,2118
1077,2133
1077,372
1078,2512
1084,199
1084,290
1087,565
1087,602
1090,934
1098,321
1098,990
1099,92
1099,1364
1102,983
1102,152
1104,1003
1105,812
1106,2730
1106,1026
1110,2750
1116,726
1116,942
1116,467
1117,2454
1117,2191
1118,2975
1120,2353
1120,2789
1135,1869
1137,413
1137,280
1145,28
1149,1397
1151,31
1151,2080
1151,421
1151,2058
1153,57
1153,473
1154,1667
1154,1456
1154,49
1161,2949
1161,2480
1162,1837
1167,2563
1167,467
1167,942
1167,1908
1167,954
1168,2495
1169,2639
1169,1403
1169,490
1179,244
1180,2417
1186,1869
1191,2045
1192,321
1195,31
1196,989
1200,2977
1200,1996
1200,31
1206,1614
1207,0
1212,2146
1212,139
1214,2975
1214,571
1215,989
1215,2157
1215,1292
1215,2419
1223,391
1228,508
1232,2382
1233,812
1233,2129
1237,1039
1237,902
1238,743
1239,244
1244,1007
1244,1010
1244,2511
1244,968
1246,2196
1247,455
1248,2157
1248,413
1248,2515
1252,1529
1253,2385
1255,120
1255,1837
1255,384
1256,20
1256,413
1257,3017
1257,742
1257,2191
1260,727
1264,2385
1269,922
1269,2348
1269,2690
1269,2564
1269,928
1269,1771
1269,2853
1273,1496
1273,2709
1274,2853
1280,1328
1280,648
1280,1311
1280,546
1280,244
1280,2641
1280,57
1283,535
1284,2643
1284,2417
1285,1659
1285,921
1285,971
1285,99
1288,225
1288,2110
1288,944
1288,1110
1288,1590
1290,2157
1292,2002
1292,1119
1301,2482
1301,1659
1301,1003
1301,942
1301,2515
1301,1708
1301,1919
1303,2379
1304,895
1304,1521
1305,752
1305,2778
1306,27
1306,722
1306,390
1308,524
1309,1872
1309,1479
1311,2835
1311,2412
1311,1251
1312,482
1312,324
1312,1573
1312,1850
1312,120
1312,1244
1315,2240
1315,120
1316,2861
1318,139
1321,2511
1321,1965
1323,225
1323,944
1326,2240
1326,2750
1331,1648
1332,2381
1332,2835
1334,2157
1334,1872
1336,951
1336,1697
1342,523
1342,636
1342,1475
1342,1868
1342,590
1342,1336
1350,413
1350,324
1350,384
1350,1573
1350,1659
1351,733
1352,2088
1355,2994
1355,2740
1355,2182
1357,1311
1357,236
1360,1914
1360,2195
1361,748
1361,771
1361,2796
1366,1582
1366,2614
1367,2827
1367,3147
1367,1244
1370,748
1370,1753
1370,2365
1370,1028
1372,469
1372,943
1372,1119
1372,225
1372,128
1378,28
1379,2758
1380,1996
1382,2037
1382,248
1383,2719
1383,643
1383,685
1383,546
1385,1908
1385,2297
1388,2118
1388,100
1395,898
1395,2058
1397,177
1397,664
1398,467
1398,944
1404,110
1407,323
1409,2728
1409,856
1413,2163
1413,1907
1415,3061
1415,2880
1419,2155
1420,954
1420,1016
1420,1525
1423,989
1423,100
1423,2694
1424,2054
1426,679
1426,954
1426,940
1426,615
1427,2846
1429,1028
1429,752
1430,413
1430,324
1430,225
1440,469
1440,2002
1440,2719
1440,989
1440,1311
1440,1015
1440,2622
1440,244
1440,971
1442,110
1447,2835
1447,1128
1448,2305
1449,681
1451,2091
1451,1207
1452,1528
1456,2381
1458,1582
1458,1328
1459,517
1459,321
1466,2421
1467,399
1467,139
1468,2719
1474,508
1476,0
1476,120
1476,2521
1476,1872
1478,28
1478,2596
1481,968
1481,954
1481,1590
1481,225
1483,2385
1485,1726
1486,2243
1486,99
1486,2378
1486,954
1487,681
1491,2641
1494,1509
1495,920
1512,485
1513,1003
1513,1010
1513,2240
1513,2256
1513,92
1513,2176
1513,960
1524,2188
1525,1250
1525,122
1525,1849
1527,2698
1529,325
1533,1871
1535,330
1537,1072
1537,1761
1537,2861
1541,3061
1555,2272
1562,519
1562,1010
1562,942
1562,1007
1562,986
1562,100
1562,679
1562,2507
1562,940
1562,892
1562,1361
1562,1003
1567,1429
1567,2797
1569,2240
1569,1047
1569,1048
1573,2204
1575,878
1575,2376
1587,2149
1587,391
1587,464
1592,384
1592,1936
1592,1237
1592,10
1592,2140
1592,411
1592,314
1592,1837
1593,1377
1593,1127
1594,1002
1596,1119
1596,413
1596,1563
1599,2080
1599,2659
1599,3020
1603,1525
1603,954
1603,971
1603,467
1603,968
1609,399
1609,2157
1609,1131
1609,31
1609,2385
1609,1291
1609,2426
1613,970
1614,2639
1618,3123
1618,3022
1619,2797
1619,546
1619,1298
1621,1451
1622,2702
1630,2728
1630,611
1635,63
1635,1957
1636,2880
1636,2698
1636,2915
1643,2512
1643,127
1645,2045
1645,2044
1648,1525
1648,759
1648,971
1656,572
1664,120
1664,517
1664,2515
1664,438
1667,2054
1669,560
1673,1581
1673,1016
1673,1496
1673,1509
1673,714
1675,2421
1676,1563
1677,517
1677,808
1678,139
1679,1528
1679,733
1679,852
1681,473
1681,456
1681,1328
1681,1085
1692,1003
1697,2977
1697,2820
1701,2118
1701,2045
1702,1055
1702,2044
1703,1355
1713,1521
1713,2360
1716,2195
1719,1503
1723,2778
1723,2305
1727,2923
1727,1529
1727,771
1731,1479
1737,508
1741,986
1741,944
1742,2521
1743,42
1743,581
1743,1486
1743,130
1743,1231
1746,1324
1747,2690
1747,2564
1747,1771
1747,2350
1749,2196
1750,1963
1750,2634
1752,138
1752,2641
1752,1409
1754,1007
1759,1831
1763,1255
1763,31
1764,2847
1764,3123
1764,2915
1768,2657
1769,1573
1770,1807
1772,956
1772,1003
1772,400
1772,971
1772,225
1772,979
1772,1837
1775,1528
1776,1503
1776,1028
1778,212
1779,1437
1779,448
1784,1730
1786,1563
1786,1765
1786,434
1803,1328
1809,101
1812,1280
1812,2641
1815,1458
1820,1479
1823,1467
1823,937
1823,110
1827,1250
1827,1479
1827,1128
1831,1667
1833,2637
1833,1479
1834,2044
1834,1889
1834,1595
1834,2031
1835,1868
1835,590
1835,98
1837,954
1838,313
1838,2100
1838,1110
1838,1016
1838,421
1839,2778
1839,1016
1839,1048
1849,2379
1851,1250
1851,1270
1852,1007
1852,1016
1852,940
1857,1250
1858,943
1859,515
1862,1529
1862,748
1862,771
1862,1753
1862,1072
1862,739
1862,1028
1862,737
1862,1757
1867,1673
1868,935
1869,1575
1872,2086
1873,1918
1874,2796
1874,2454
1875,1039
1875,902
1875,2086
1877,1823
1877,980
1882,1984
1882,2494
1886,648
1894,1823
1894,1769
1894,1089
1894,2454
1895,1018
1895,2355
1895,951
1897,692
1897,1853
1897,2417
1900,2515
1900,1872
1900,1244
1906,1429
1908,1850
1912,2385
1915,1582
1927,138
1928,2596
1932,1458
1933,2155
1936,393
1938,2204
1938,2505
1938,1523
1941,1311
1941,391
1941,926
1941,1015
1946,519
1946,1324
1958,875
1960,2385
1960,2880
1971,943
1971,611
1974,2310
1974,99
1974,1563
1975,385
1975,92
1976,862
1976,2376
1976,726
1976,751
1976,2946
1976,2728
1977,1063
1977,1002
1980,1028
1980,1757
1982,1100
1982,1595
1982,1419
1991,812
1991,2031
1991,573
1995,1250
1995,2627
1995,130
1995,1207
1998,20
1998,1007
1998,940
1999,692
1999,642
1999,170
2000,2157
2000,31
2000,1285
2000,421
2000,1903
2000,2297
2000,15
2001,2163
2008,3017
2010,1420
2012,983
2017,2815
2017,1016
2017,954
2017,940
2017,2702
2019,438
2020,1656
2022,852
2022,2472
2022,1513
2024,980
2024,1036
2024,1528
2029,434
2032,2766
2032,2728
2032,943
2033,1496
2034,1717
2034,1055
2042,2133
2042,615
2055,482
2057,1298
2061,940
2061,2521
2062,940
2062,2507
2062,374
2063,81
2063,1726
2064,2139
2064,1629
2066,812
2067,2114
2070,2949
2073,2827
2076,1055
2083,399
2083,413
2083,1364
2083,508
2083,2515
2083,1291
2087,2118
2087,709
2087,1560
2090,469
2090,2512
2090,1328
2090,517
2092,1250
2092,2091
2092,1849
2093,1206
2096,2802
2100,1010
2100,1590
2104,1963
2110,2129
2110,573
2113,2617
2115,1455
2117,2240
2117,2376
2117,2511
2120,1479
2123,2635
2124,31
2131,2920
2132,2013
2132,642
2140,177
2142,1111
2142,485
2147,2360
2147,1039
2147,1521
2147,2690
2147,2666
2147,902
2150,1039
2150,2360
2153,100
2153,1907
2154,828
2155,895
2155,2518
2155,2507
2155,1771
2156,1328
2156,24
2157,2408
2160,2155
2162,727
2162,1528
2162,2441
2162,2366
2163,42
2163,1250
2163,19
2163,1375
2163,1207
2163,2644
2163,273
2166,2300
2169,2310
2169,898
2169,1701
2175,1887
2175,120
2181,2045
2181,2129
2181,2044
2183,456
2183,200
2191,2155
2196,1872
2196,413
2196,127
2196,1276
2196,1324
2196,441
2198,31
2200,956
2200,2217
2200,2240
2200,225
2200,1003
2208,1325
2209,31
2209,421
2212,461
2212,1726
2212,610
2214,450
2214,54
2214,16
2215,934
2221,1031
2221,2949
2224,882
2228,100
2228,1022
2230,812
2231,1982
2232,540
2232,806
2233,384
2233,314
2233,1774
2235,2728
2236,970
2236,902
2236,2482
2236,539
2237,1429
2237,455
2237,413
2237,280
2241,2199
2245,120
2245,666
2245,589
2258,100
2261,812
2265,2563
2266,2371
2266,821
2267,0
2269,756
2269,992
2270,726
2275,1574
2275,1451
2278,2585
2278,2412
2279,2719
2279,519
2279,1007
2280,1250
2281,2034
2282,27
2286,957
2286,1039
2290,201
2297,1957
2300,954
2300,1007
2308,2796
2312,1913
2312,2374
2313,1250
2316,1325
2325,1006
2327,391
2331,1757
2343,307
2345,1072
2346,2476
2346,2825
2351,828
2354,2525
2356,648
2356,57
2362,827
2363,967
2364,2240
2364,2728
2364,2118
2367,2061
2369,2639
2371,2149
2371,390
2371,1131
2371,54
2382,771
2382,1753
2382,752
2382,916
2382,2365
2386,1022
2389,2728
2396,812
2399,1849
2410,1965
2410,3015
2411,1919
2411,1119
2411,1918
2412,138
2420,3015
2422,2889
2422,1573
2422,2721
2422,872
2422,1786
2422,1887
2422,2839
2423,2218
2424,3026
2424,2865
2425,1871
2429,46
2429,319
2434,307
2440,1007
2440,2936
2440,947
2440,1496
2440,2309
2447,971
2447,892
2453,2789
2453,2923
2453,2473
2453,1016
2456,1016
2456,972
2461,474
2462,2823
2467,666
2467,2946
2475,1420
2475,177
2478,2195
2499,2472
2499,717
2499,972
2499,2778
2502,1110
2502,2445
2512,972
2512,2778
2521,1503
2522,748
2523,2827
2524,441
2524,1464
2525,2563
2525,2381
2525,1496
2525,2309
2525,1110
2528,1277
2529,1039
2529,229
2529,456
2537,1451
2541,1110
2541,2310
2541,2309
2546,1131
2546,908
2546,391
2548,752
2548,753
2550,2596
2553,2192
2553,3017
2553,781
2560,2298
2560,100
2562,120
2563,1324
2563,100
2573,2975
2573,960
2578,2750
2579,965
2579,1002
2579,1560
2579,31
2580,1022
2582,1039
2586,1872
2586,438
2586,1837
2586,1157
2590,2360
2591,307
2591,1328
2591,2512
2594,1250
2599,2114
2601,139
2601,928
2605,752
2605,727
2605,1528
2605,2778
2608,268
2608,1871
2608,926
2608,1728
2610,2157
2610,1907
2613,120
2613,1837
2613,1393
2613,314
2615,100
2615,1007
2615,940
2615,1003
2616,138
2617,2815
2619,1237
2620,57
2620,138
2620,648
2620,2507
2622,1068
2622,1022
2625,2835
2625,2709
2626,727
2626,2240
2627,2853
2632,1186
2633,2853
2633,1528
2633,752
2633,983
2633,921
2634,743
2636,1013
2638,2823
2638,872
2640,138
2640,2512
2641,27
2641,450
2641,314
2641,37
2641,1728
2644,1016
2644,2778
2652,524
2652,1580
2652,821
2652,856
2652,2728
2653,727
2656,1563
2657,1728
2661,1026
2665,2796
2665,2789
2667,1013
2667,980
2667,2949
2667,2376
2667,2495
2667,867
2672,376
2674,1110
2675,855
2676,777
2686,867
2693,120
2693,110
2693,1872
2694,305
2696,2518
2697,1581
2697,101
2698,2639
2700,1003
2701,1774
2701,2778
2701,1771
2701,2861
2703,2690
2707,508
2710,1100
2710,1476
2710,1096
2710,386
2713,243
2717,110
2720,413
2722,2690
2726,1574
2726,2975
2726,1241
2726,386
2727,1823
2727,139
2731,1581
2731,2511
2731,2377
2733,643
2733,714
2734,2243
2735,972
2735,864
2737,449
2737,2622
2740,324
2747,2482
2747,1872
2747,983
2752,573
2753,1324
2755,1563
2758,31
2758,1244
2761,138
2761,1328
2762,1771
2772,139
2772,2853
2773,42
2773,1231
2773,130
2773,664
2774,2923
2774,2815
2774,131
2774,777
2774,1503
2774,2454
2775,63
2778,1771
2778,1776
2780,1807
2781,1128
2781,3015
2781,681
2781,942
2782,1250
2785,127
2785,1393
2785,1837
2785,32
2794,1753
2796,1835
2800,2398
2804,1908
2804,2515
2804,1872
2804,987
2804,1667
2804,1840
2812,2807
2812,1614
2814,2385
2814,0
2814,385
2816,727
2816,733
2816,1528
2816,2366
2816,2441
2826,1119
2829,1048
2830,508
2833,1048
2833,1006
2838,1002
2839,508
2839,110
2839,139
2839,2163
2839,2157
2839,643
2841,1528
2841,727
2841,957
2841,983
2841,2920
2841,2665
2847,1017
2852,120
2852,1206
2852,482
2853,1231
2853,177
2853,1375
2853,1250
2853,664
2853,144
2853,483
2853,130
2853,181
2854,1250
2854,325
2854,1270
2861,407
2861,581
2861,1397
2861,2585
2861,2412
2861,177
2861,1849
2862,20
2862,2196
2862,2249
2870,1390
2870,1419
2872,324
2872,1708
2872,943
2872,1574
2872,225
2872,856
2872,2110
2880,139
2880,212
2880,957
2880,937
2881,2240
2883,110
2885,110
2885,413
2885,1429
2885,1258
2886,1701
2888,31
2888,812
2888,1119
2888,573
2888,2028
2896,1110
2896,1022
2900,469
2900,2641
2907,2385
2909,2192
2909,755
2914,1366
2914,92
2914,1531
2914,1728
2916,1869
2923,1451
2923,2975
2924,1007
2925,2385
2927,1007
2927,1016
2927,615
2927,954
2927,2702
2930,965
2932,2563
2932,1016
2933,1872
2933,120
2933,194
2933,935
2935,820
2935,138
2936,2568
2939,482
2941,2385
2941,1869
2941,2490
2941,2176
2941,2880
2942,995
2942,980
2946,1039
2946,2694
2946,2690
2948,748
2948,1753
2948,1072
2949,581
2949,177
2949,1375
2951,1933
2953,31
2953,1364
2953,987
2956,2690
2956,1037
2956,877
2956,1831
2956,970
2956,2350
2956,1521
2956,1773
2956,1690
2959,2058
2959,248
2961,2975
2961,2408
2961,2766
2963,229
2965,1648
2966,20
2966,324
2966,1244
2966,2058
2972,2385
2978,1574
2978,571
2978,1255
2978,1244
2983,1728
2984,1563
2986,2454
2989,1685
2989,122
2989,2927
2993,1574
2993,1100
2998,321
3000,875
3000,2719
3001,1509
3009,2044
3010,2417
3013,27
3015,482
3015,122
3016,2939
3016,2977
3021,120
3021,2515
3021,589
3022,393
3024,1377
3028,3028
3028,421
3034,2920
3034,2786
3034,2441
3037,978
3037,1110
3037,2379
3037,1048
3037,2381
3040,2637
3044,1623
3044,413
3046,2196
3046,1673
3046,2750
3049,2058
3056,2820
3063,2975
3063,830
3065,2637
3065,2421
3065,3015
3065,2596
3068,965
3068,225
3068,954
3068,99
3069,1595
3072,1016
3072,2936
3072,1048
3072,1525
3075,637
3075,610
3078,162
3078,110
3078,1870
3079,3028
3089,2002
3089,648
3089,1250
3091,27
3095,2815
3100,2062
3105,989
3105,2690
3108,139
3109,1007
3109,1016
3109,2353
3111,2419
3111,2240
3112,2865
3112,3028
3112,2827
3112,2830
3112,2994
3122,898
3122,2110
3122,225
3122,1590
3125,943
3129,2240
3129,946
3129,2480
3131,1064
3131,1595
3132,2002
3132,517
3132,971
3132,1003
3132,1840
3132,225
3135,1889
3135,1963
3135,2031
3138,3026
3138,2830
3138,3162
3141,989
3141,1364
3141,2240
3144,2473
3144,2936
3144,1027
3151,637
3152,42
3152,1375
3153,1179
3153,324
3153,99
3160,1250
3161,390
3165,2302
3165,2778
3168,2245
3170,2091
3181,995
3182,1250
3186,2665
3186,2441
3187,980
3187,2398
3191,1390
3191,1451
3191,1255
3191,1119
3196,2657
3196,2914
3202,2927
3202,2835
3202,2936
3208,2796
3211,2376
3219,1010
3223,1563
3223,986
3225,1869
3227,3123
3227,3028
3227,2848
3228,954
3228,968
3228,1525
3228,971
3228,225
3238,31
3238,2297
3238,15
3238,100
3238,376
3238,1903
3238,1007
3238,1361
3239,2927
3239,2412
3239,681
3239,3015
3240,2796
3240,771
3240,734
3241,924
3243,138
3243,1405
3243,20
3243,1364
3243,546
3253,2643
3258,2564
3258,2350
3258,2348
3271,861
3271,1110
3271,878
3271,856
3275,31
3275,942
3276,2191
3276,2789
3279,2694
3279,2564
3279,2293
3280,1377
3284,2037
3284,1479
3288,2184
3291,2507
3291,294
3291,1328
3291,2641
3293,413
3294,2467
3295,2778
3296,990
3296,1533
3296,1673
3301,2702
3303,1769
3306,1250
3307,110
3307,1713
3307,508
3310,1251
3312,1068
3314,2507
3314,2629
3317,1563
3317,1128
3320,2373
3324,1563
3325,954
3325,225
3327,390
3330,615
3330,2563
3330,2750
3330,1007
3330,971
3336,1823
3336,954
3336,1016
3336,1690
3336,1048
3343,1354
3345,1010
3345,943
3345,940
3345,1003
3345,2176
3346,1089
3346,1769
3349,2381
3349,2563
3349,954
3349,1496
3349,2709
3353,1024
3356,2927
3356,2412
3356,122
3356,1921
3356,1251
3356,2585
3357,2110
3358,3017
3358,2920
3358,742
3358,2786
3363,947
3364,2964
3366,100
3366,1007
3366,2218
3366,225
3366,943
3366,2563
3366,1119
3366,31
3366,1003
3367,1298
3369,1455
3369,1100
3369,386
3369,130
3370,1872
3370,120
3374,2110
3377,1965
3377,943
3378,1976
3378,1573
3378,1887
3378,1919
3380,685
3380,827
3380,1429
3380,1364
3389,17
3389,101
3389,1255
3390,726
3392,329
3392,413
3393,2567
3393,2167
3393,455
3393,95
3394,2310
3394,2111
3396,1989
3401,1002
3402,2385
3402,2521
3402,2880
3405,1937
3405,374
3406,110
3410,413
3411,1055
3411,380
3414,324
3414,956
3414,31
3424,1006
3424,1048
3427,971
3427,2750
3430,546
3430,1421
3438,1563
3439,2568
3442,989
3442,928
3442,679
3442,870
3443,1029
3443,1702
3443,2862
3443,1001
3443,2455
3443,1314
3443,2594
3447,2379
3447,1006
3447,775
3447,2381
3448,2300
3449,455
3449,95
3449,2163
3449,193
3452,2635
3452,248
3453,1659
3454,928
3459,2385
3462,31
3466,856
3466,2521
3466,1563
3466,1003
3466,313
3466,1872
3466,2176
3470,1103
3473,2240
3473,2398
3475,1127
3476,965
3476,878
3476,1110
3476,2267
3476,31
3481,1880
3483,3053
3484,2690
3484,902
3484,921
3485,307
3485,57
3485,2512
3485,1328
3485,2034
3485,2719
3487,2635
3491,508
3501,1364
3501,2750
3503,1250
3506,1128
3506,1479
3506,1563
3506,20
3507,2624
3507,1179
3508,482
3508,1957
3510,2641
3517,2309
3517,954
3517,467
3522,1675
3526,2639
3527,324
3530,3061
3530,1100
3530,3091
3531,2807
3531,1614
3533,1405
3533,1402
3542,162
3542,110
3543,122
3545,2441
3546,135
3555,1919
3556,1713
3556,305
3558,2299
3558,366
3558,81
3560,1564
3564,3004
3564,1110
3564,3015
3572,898
3572,1100
3572,1305
3572,1476
3591,2240
3592,1963
3594,1957
3596,1250
3596,1849
3596,2627
3596,325
3599,31
3599,942
3599,225
3600,101
3608,2045
3608,2129
3608,2044
3608,2125
3609,1250
3609,2585
3610,450
3610,926
3610,229
3611,1719
3611,810
3615,1179
3617,2520
3617,1991
3621,2240
3621,980
3623,692
3623,1853
3624,1255
3624,1595
3624,1055
3624,380
3627,1277
3627,1377
3627,873
3631,892
3631,399
3631,92
3631,413
3631,1364
3631,385
3631,968
3631,1179
3632,965
3632,1022
3634,2563
3634,615
3634,954
3634,971
3634,970
3637,2637
3637,101
3639,469
3639,20
3639,2515
3639,225
3639,943
3639,956
3639,413
3639,1003
3639,2176
3639,1708
3641,413
3642,1820
3642,980
3647,519
3648,2977
3651,2778
3655,393
3658,1119
3658,325
3659,1774
3659,393
3661,1675
3664,2191
3667,989
3669,898
3669,2853
3670,2824
3670,2249
3672,1573
3672,1984
3672,1119
3672,571
3672,324
3674,2061
3677,1963
3678,751
3679,1324
3679,1361
3681,989
3681,1017
3681,2961
3682,1055
3687,1479
3687,2637
3692,1921
3695,110
3695,413
3695,299
3695,1429
3695,1276
3695,1837
3695,2515
3695,455
3698,469
3702,1933
3702,2269
3703,1563
3707,31
3707,2028
3708,2045
3708,2044
3709,101
3712,2054
3712,393
3714,943
3714,1042
3714,2176
3714,942
3715,110
3715,413
3715,2515
3715,49
3715,43
3715,1713
3715,1458
3716,1872
3716,957
3719,2017
3719,2196
3719,1887
3719,2750
3722,2889
3722,1786
3722,1887
3723,1590
3723,942
3723,944
3723,1581
3725,2946
3725,1332
3725,27
3730,469
3730,2002
3730,449
3730,2641
3730,1872
3732,211
3737,1131
3737,469
3737,2622
3738,1563
3738,1355
3739,1726
3739,392
3747,1543
3747,1545
3747,1552
3747,2241
3749,1547
3749,1078
3749,1677
3749,2041
3757,861
3757,905
3758,2118
3758,100
3758,759
3758,679
3758,954
3758,2702
3758,1016
3758,714
3758,1496
3760,2240
3765,812
3765,1595
3770,1007
3771,1185
3776,2548
3776,2719
3781,1250
3784,1250
3784,1397
3785,1976
3785,856
3785,1932
3790,856
3790,1730
3790,2758
3790,0
3790,2240
3796,2385
3798,1563
3800,1241
3804,42
3804,1255
3804,1390
3807,139
3809,2789
3809,1496
3809,1509
3809,1690
3815,2909
3815,2660
3819,1595
3820,2555
3820,1478
3820,1203
3823,1563
3830,31
3832,1503
3832,995
3832,539
3833,1068
3844,525
3846,2585
3846,2264
3846,366
3846,177
3846,1375
3846,664
3848,642
3850,2709
3851,1276
3851,1872
3851,120
3851,666
3852,1185
3857,1179
3857,1957
3857,199
3857,325
3857,290
3860,31
3861,307
3867,2089
3867,1595
3869,898
3869,2157
3873,1965
3873,968
3876,1913
3876,2353
3887,1822
3887,833
3887,1667
3887,120
3887,1872
3890,1640
3891,31
3892,752
3892,733
3892,2376
3892,2472
3898,1595
3899,122
3905,1914
3906,726
3906,972
3911,407
3911,681
3911,2637
3914,329
3919,2199
3919,1848
3927,1250
3927,1207
3930,1989
3931,162
3935,2195
3936,392
3937,1100
3938,160
3938,172
3938,1119
3938,1483
3938,1181
3938,386
3939,366
3939,19
3939,130
3939,485
3939,1390
3939,386
3941,2129
3941,2125
3941,1889
3941,372
3947,1250
3949,2975
3954,1068
3958,759
3958,2778
3963,2310
3965,2141
3966,1656
3966,960
3969,1007
3969,467
3969,1016
3974,1002
3975,2412
3976,482
3977,922
3977,1771
3982,3020
3982,3024
3982,2880
3982,2297
3983,1479
3983,2637
3983,681
3989,2563
3990,1375
3990,273
3990,483
3990,1250
3993,2240
3993,971
3993,954
3993,2750
4007,31
4008,45
4008,1903
4008,2797
4008,870
4009,2155
4014,1007
4014,1016
4014,2563
4014,954
4015,954
4015,2709
4020,1324
4020,2507
4020,1258
4022,1110
4022,967
4028,572
4028,1648
4029,2643
4032,2305
4034,2889
4034,2196
4035,759
4035,1002
4035,1560
4035,954
4037,1250
4037,2318
4037,1270
4037,1335
4045,131
4055,1110
4055,960
4057,873
4058,40
4058,1377
4059,1110
4059,2750
4059,1048
4059,940
4061,2243
4062,812
4062,2031
4062,1055
4062,1963
4062,573
4063,413
4063,1907
4065,1887
4065,1186
4071,2379
4073,2271
4078,120
4078,413
4078,110
4078,43
4078,280
4079,1100
4081,1563
4081,1564
4082,1377
4082,1334
4084,1007
4084,2374
4084,986
4084,954
4084,1031
4086,1016
4086,1007
4086,954
4086,986
4086,871
4086,2374
4094,1521
4094,805
4099,120
4099,517
4099,1872
4099,1840
4100,2129
4100,1889
4102,469
4105,110
4109,1529
4109,1823
4109,2796
4109,1503
4112,43
4117,1110
4117,1022
4117,966
4117,1002
4117,1560
4121,833
4122,2568
4124,1002
4124,1880
4124,1656
4138,2977
4140,943
4140,2310
4140,1730
4142,1002
4142,1110
4142,954
4142,2381
4146,2946
4146,192
4146,717
4148,1455
4150,2476
4150,2374
4153,1771
4155,1765
4157,1889
4157,2031
4158,413
4158,1667
4161,812
4161,1100
4162,717
4163,508
4164,2155
4164,1908
4164,1869
4165,1926
4169,806
4170,1908
4170,2155
4171,970
4171,957
4171,2694
4171,1624
4171,1770
4172,1013
4172,1639
4175,2548
4176,2975
4176,1880
4180,42
4180,19
4180,1231
4180,1375
4181,177
4182,2129
4187,2585
4187,2627
4187,1250
4187,1375
4187,664
4187,2254
4190,1581
4190,2563
4190,954
4190,1525
4190,960
4190,2309
4190,968
4190,2789
4190,1496
4190,1031
4195,1976
4205,717
4207,1581
4207,1031
4207,2377
4207,2949
4208,2045
4208,2044
4208,1889
4209,1036
4216,327
4223,2975
4224,1673
4224,1932
4224,2346
4226,1280
4226,820
4226,648
4227,2975
4238,1007
4238,1525
4238,1016
4238,2815
4245,243
4245,1402
4245,5
4247,1765
4247,1361
4247,74
4247,17
4248,943
4252,2977
4255,1982
4255,2381
4259,3017
4259,2191
4260,1311
4262,1007
4262,954
4262,1048
4262,2374
4262,1027
4262,947
4267,1098
4269,1250
4270,461
4270,2525
4270,1347
4271,1002
4278,1002
4279,54
4279,16
4279,2515
4279,1774
4279,666
4284,2975
4284,101
4286,2637
4286,681
4289,2305
4290,869
4297,560
4300,2975
4300,968
4300,2511
4300,2110
4300,960
4300,3015
4300,900
4301,2589
4302,1323
4302,2002
4302,1015
4302,469
4302,2719
4302,2641
4305,972
4309,177
4309,1849
4309,42
4309,1375
4309,483
4309,273
4311,413
4313,2240
4313,1110
4318,2110
4320,1250
4321,2196
4322,1250
4325,1179
4331,517
4332,2639
4338,2141
4340,750
4340,2454
4340,1626
4340,882
4348,870
4349,1563
4349,681
4349,1251
4349,122
4349,2635
4354,1699
4357,726
4357,971
4358,2920
4358,2365
4358,742
4358,1757
4358,2366
4358,916
4362,937
4362,892
4364,438
4364,27
4364,722
4365,812
4370,2473
4370,1016
4370,2374
4380,2110
4380,1110
4383,827
4383,100
4383,2419
4383,968
4383,2385
4389,2500
4393,2480
4393,1675
4396,1873
4399,972
4403,2585
4403,1250
4403,2627
4406,31
4407,3017
4407,1769
4407,995
4407,2665
4407,2441
4409,943
4416,1185
4418,2709
4418,1496
4419,2080
4421,42
4421,1420
4423,737
4423,748
4423,2472
4423,1753
4425,0
4425,878
4425,517
4425,31
4425,2100
4425,944
4425,2218
4425,225
4436,2305
4436,1007
4436,2563
4436,1016
4439,2240
4439,1110
4439,1002
4439,967
4439,965
4442,1250
4468,995
4468,2191
4473,922
4475,2467
4477,692
4477,1853
4477,642
4485,1873
4488,469
4488,413
4488,2466
4488,203
4490,413
4490,314
4490,1728
4490,2079
4490,92
4490,602
4492,2446
4497,1250
4497,1849
4500,1648
4506,40
4506,1563
4506,1765
4507,726
4507,751
4507,2472
4507,2504
4507,1512
4507,722
4509,980
4512,1503
4512,2500
4512,2191
4512,995
4513,69
4516,515
4529,1250
4529,2627
4529,130
4529,1231
4529,1375
4529,2091
4529,664
4535,875
4535,203
4536,2515
4536,1846
4545,307
4545,645
4550,1890
4550,1563
4553,1573
4555,727
4556,2300
4560,1039
4560,1521
4560,1582
4561,572
4562,1629
4567,2975
4567,3061
4573,2677
4581,742
4581,2441
4582,1021
4582,930
4582,1325
4582,450
4583,31
4583,943
4583,313
4583,225
4587,895
4587,990
4600,2482
4601,2195
4608,139
4608,1017
4613,2563
4614,1325
4615,2750
4626,1397
4628,519
4628,2515
4628,2521
4628,324
4628,1355
4628,413
4628,517
4628,1872
4628,943
4628,313
4628,2641
4628,2466
4628,203
4628,942
4628,2176
4635,469
4635,989
4635,244
4636,895
4636,2196
4639,759
4642,20
4642,324
4642,1179
4643,902
4651,934
4658,20
4660,1747
4669,100
4671,759
4674,122
4679,27
4681,2196
4681,2889
4681,1887
4698,1039
4699,726
4705,1503
4705,2786
4706,330
4710,739
4710,722
4712,1015
4712,521
4712,1046
4712,2512
4716,937
4724,1962
4725,1217
4725,1728
4725,1872
4726,517
4727,485
4727,1375
4728,726
4728,2348
4728,1016
4729,1904
4731,160
4735,31
4735,898
4735,421
4735,2058
4735,942
4736,3017
4736,2191
4736,2441
4754,31
4754,2515
4756,971
4756,1525
4756,759
4756,1520
4757,1103
4757,1932
4757,1673
4757,2196
4758,943
4758,726
4758,942
4760,469
4760,138
4762,1880
4762,2137
4768,539
4768,1769
4768,1823
4768,2192
4770,229
4777,1016
4779,1757
4779,737
4779,1740
4781,919
4782,1277
4782,1377
4782,1405
4787,964
4790,777
4792,413
4792,856
4792,2515
4801,1296
4801,450
4801,934
4804,1757
4809,20
4809,1563
4809,1128
4809,334
4809,979
4810,2188
4812,2622
4813,1503
4814,943
4814,1128
4814,467
4815,1582
4815,229
4818,1455
4818,1595
4818,380
4824,2758
4824,611
4829,1996
4845,2191
4846,1804
4846,1458
4846,602
4851,864
4855,2472
4857,2719
4857,1421
4859,438
4861,2518
4862,1366
4864,1872
4867,878
4870,2815
4870,954
4870,759
4871,752
4871,753
4871,751
4871,717
4873,2665
4875,980
4875,2853
4876,2441
4878,928
4878,15
4878,1421
4889,1623
4889,2977
4889,2438
4890,42
4890,1375
4890,664
4890,483
4895,2665
4896,2472
4896,2778
4897,1889
4898,902
4899,855
4899,1028
4900,519
4903,31
4903,1963
4904,1926
4904,20
4904,2379
4904,1048
4904,1563
4905,1582
4905,1771
4907,2310
4907,1002
4907,1880
4909,1039
4909,139
4911,2659
4912,334
4925,1563
4926,722
4927,3015
4928,1455
4930,1355
4937,947
4938,2815
4938,1007
4938,954
4939,1509
4940,972
4940,2614
4940,2775
4940,2778
4940,2249
4943,2815
4943,1503
4944,2188
4949,852
4949,2365
4949,1757
4949,2366
4956,1728
4956,2373
4956,229
4956,1021
4956,1667
4956,390
4959,775
4962,229
4962,1329
4963,1582
4963,2298
4963,2477
4965,2045
4965,2044
4970,1528
4970,2441
4970,753
4972,1429
4973,2666
4974,970
4978,2080
4980,748
4989,139
4989,1258
4989,1344
4989,827
4993,1039
4993,2690
4993,895
4993,1521
4993,2360
4995,139
4995,2690
4997,2029
4997,1100
5001,110
5003,858
5003,1919
5007,3017
5009,161
5010,2789
5011,1007
5011,2563
5011,954
5011,971
5015,1002
5016,895
5016,1932
5016,519
5016,1771
5016,2719
5016,1015
5019,968
5027,1563
5027,881
5028,2975
5028,386
5031,515
5032,390
5035,1016
5052,1063
5052,2563
5052,2511
5052,1031
5052,960
5052,2377
5052,1496
5052,2309
5052,1519
5055,194
5061,642
5063,2360
5065,1255
5071,244
5071,391
5072,2853
5072,2567
5076,2823
5076,1771
5079,748
5079,1753
5079,752
5079,753
5079,1028
5079,1757
5079,742
5079,739
5079,852
5086,2441
5089,120
5089,2002
5093,49
5099,1118
5101,2789
5107,31
5114,2183
5116,2365
5119,508
5119,498
5122,980
5122,1036
5123,947
5127,869
5133,2191
5137,898
5138,2080
5138,1766
5148,42
5148,366
5148,177
5148,1375
5153,2408
5153,674
5155,1531
5157,469
5158,490
5158,826
5160,922
5160,2360
5160,1521
5160,2350
5160,2690
5160,1582
5160,2666
5160,1520
5163,2575
5172,1872
5172,1728
5172,1157
5177,519
5177,1932
5177,1325
5178,742
5178,733
5178,2365
5181,957
5181,2477
5184,2959
5185,943
5187,1311
5187,449
5187,875
5190,1185
5191,2080
5192,1021
5192,450
5194,972
5194,2486
5198,1047
5202,1965
5202,1932
5202,1976
5208,2889
5208,2801
5212,3017
5214,2002
5217,1822
5223,46
5223,1641
5223,1252
5228,1747
5228,1568
5233,413
5233,943
5233,1244
5233,1022
5236,41
5240,31
5241,940
5241,1623
5241,921
5244,546
5244,1285
5244,1405
5244,21
5247,2017
5247,1976
5250,2191
5251,519
5251,1325
5251,2346
5251,645
5251,1773
5252,1250
5253,226
5253,308
5254,2482
5254,928
5254,1525
5254,139
5254,2705
5254,467
5254,1002
5255,1420
5258,2310
5268,473
5268,666
5268,1872
5268,268
5268,229
5269,1479
5269,2339
5269,493
5278,469
5278,521
5278,870
5278,0
5278,225
5278,1280
5278,1285
5278,1128
5278,1331
5278,2100
5279,2520
5286,1007
5286,989
5287,2977
5289,928
5289,892
5289,244
5289,1291
5294,978
5294,871
5299,2195
5299,122
5299,1103
5299,2412
5299,2927
5299,1563
5303,2182
5303,2219
5303,2162
5303,2520
5307,2379
5310,1311
5311,413
5313,608
5313,1675
5313,535
5319,759
5321,2176
5321,2853
5321,1830
5321,2199
5321,2256
5321,1325
5321,1771
5321,895
5321,2409
5329,1880
5329,1656
5330,2515
5330,438
5330,1659
5330,1837
5330,384
5332,1719
5335,1648
5336,2690
5336,1521
5336,2360
5339,2521
5339,2848
5339,0
5339,878
5342,615
5347,1529
5347,539
5351,1250
5351,1849
5357,2385
5357,2880
5357,48
5360,1110
5360,858
5360,225
5361,2191
5361,995
5363,2305
5368,2218
5368,99
5368,1590
5368,225
5369,2191
5370,898
5370,2218
5372,2163
5373,2157
5380,928
5387,1926
5387,1128
5387,1563
5387,942
5388,924
5389,1041
5389,2694
5396,376
5405,820
5411,1965
5422,1744
5422,2061
5424,1914
5424,1250
5426,2639
5427,1039
5427,2360
5427,902
5431,748
5431,2454
5431,1753
5431,1503
5431,2365
5431,742
5431,855
5436,922
5440,1529
5440,131
5445,2585
5445,2412
5450,1903
5451,2192
5451,1503
5453,852
5454,2374
5454,947
5454,1496
5454,1031
5456,1769
5458,2155
5461,589
5462,508
5464,2110
5468,2141
5469,1128
5469,1250
5469,99
5471,2240
5471,413
5472,1119
5472,1451
5474,1919
5475,1409
5477,1837
5477,1329
5477,314
5481,2305
5482,42
5482,1255
5482,2408
5482,2195
5482,1455
5482,830
5482,581
5482,674
5482,1419
5486,2379
5486,1563
5492,2176
5492,2511
5492,943
5495,2637
5496,852
5506,31
5507,1022
5507,1100
5507,421
5510,2296
5510,1063
5511,2241
5511,1853
5514,589
5521,455
5523,2665
5523,2191
5527,2240
5529,110
5529,2515
5529,314
5529,1908
5529,2471
5529,384
5530,2305
5532,1837
5532,37
5537,1976
5538,679
5538,1563
5538,1128
5538,1518
5541,2563
5541,944
5541,971
5541,2309
5543,957
5544,1157
5544,1456
5545,2690
5550,1017
5556,572
5556,1641
5557,928
5558,572
5559,881
5561,1563
5563,1329
5563,1389
5566,1324
5566,24
5566,631
5566,959
5567,1908
5567,54
5567,1217
5567,473
5568,2157
5568,2419
5568,2802
5568,193
5568,2079
5568,2163
5575,1016
5575,1048
5579,1002
5579,1590
5585,759
5590,413
5590,565
5591,57
5591,519
5591,127
5591,1311
5593,2412
5596,1377
5596,1765
5596,290
5597,2639
5598,964
5600,31
5603,449
5605,810
5605,1918
5607,995
5607,2191
5613,1022
5613,861
5617,2825
5620,1730
5620,2512
5621,935
5623,2412
5623,968
5629,101
5632,1311
5632,926
5632,1015
5632,892
5632,546
5634,225
5634,2975
5634,1563
5634,942
5634,2110
5637,2596
5638,970
5644,2155
5644,1276
5648,450
5648,27
5648,229
5648,751
5648,726
5650,970
5650,3017
5651,922
5652,968
5655,2129
5655,2044
5655,812
5657,1525
5657,971
5660,225
5663,268
5663,139
5671,965
5678,739
5678,737
5679,2975
5683,31
5684,1771
5687,759
5687,225
5687,943
5687,2521
5687,726
5688,413
5689,172
5690,714
5691,2977
5691,573
5695,1932
5695,2199
5696,2639
5696,239
5700,1646
5700,522
5700,1026
5705,892
5711,1118
5715,392
5718,2192
5718,1503
5718,570
5719,110
5721,2296
5721,2298
5724,1582
5726,1110
5726,1547
5727,992
5729,2182
5729,2174
5733,266
5734,1064
5736,898
5736,421
5736,2058
5738,391
5738,1835
5738,2163
5738,92
5738,2037
5742,1708
5748,1250
5748,485
5748,2585
5748,1914
5748,2254
5748,1207
5758,324
5767,856
5767,806
5767,523
5767,517
5767,822
5768,954
5768,615
5768,1581
5768,759
5769,759
5769,1007
5770,1774
5770,2376
5770,2778
5771,1072
5772,2269
5772,336
5776,1016
5776,1007
5776,2815
5776,2702
5777,1744
5781,1871
5781,450
5789,2412
5790,413
5790,2515
5790,203
5790,1667
5792,1595
5803,1728
5816,943
5816,517
5816,1355
5816,971
5816,1003
5818,1128
5818,2381
5822,881
5822,1003
5823,1903
5823,1364
5825,15
5825,99
5825,1116
5825,849
5825,1250
5829,1744
5830,1771
5830,895
5830,1325
5830,2249
5831,943
5831,2176
5831,1533
5832,1072
5833,2880
5833,99
5834,1397
5836,1250
5840,752
5840,1528
5842,2637
5845,637
5845,1957
5852,2348
5852,727
5855,1529
5858,751
5858,777
5859,15
5859,2385
5859,849
5861,943
5861,2240
5863,31
5865,1976
5867,951
5879,752
5881,1237
5882,1932
5882,2889
5882,1771
5882,1776
5882,2801
5885,321
5885,990
5885,400
5890,726
5890,972
5890,2789
5891,2665
5891,752
5892,1250
5892,2412
5893,1100
5898,1292
5898,110
5898,244
5898,2507
5898,314
5898,1667
5907,1889
5907,1055
5908,13
5909,855
5909,1028
5909,1072
5912,1016
5912,2789
5912,615
5915,2634
5915,642
5920,1965
5921,1119
5921,1451
5921,1569
5921,2110
5924,2728
5924,321
5929,1028
5930,775
5930,1640
5930,881
5932,1250
5932,1270
5935,2044
5939,1595
5939,1486
5941,2949
5941,2240
5948,2472
5948,751
5949,922
5949,139
5949,1039
